PassengerID,FirstName,LastName,DOB,Email,MobileNumber,CreatedDateTime,LastupdateDateTime
P20,P20_First_Name,P20_Last_Name,2024-06-15,P20@example.com,1234567890,2025-08-21 07:00,2025-08-21 07:00
P21,P21_First_Name,P21_Last_Name,2023-08-22,P21@example.com,1234567891,2025-08-21 07:00,2025-08-21 07:00
P22,P22_First_Name,P22_Last_Name,2015-03-10,P22@example.com,1234567892,2025-08-21 07:00,2025-08-21 07:00
P23,P23_First_Name,P23_Last_Name,2010-06-15,P23@example.com,1234567893,2025-08-21 07:00,2025-08-21 07:00
P20,P20_First_Name,P20_Last_Name,2024-06-15,P20@example.com,1234567890,2025-08-21 07:00,2025-08-22 07:00
P24,P24_First_Name,P24_Last_Name,2000-08-22,P24@example.com,1234567894,2025-08-21 07:00,2025-08-21 07:00
P25,P25_First_Name,P25_Last_Name,1998-03-10,P25@example.com,1234567895,2025-08-21 07:00,2025-08-21 07:00
P26,P26_First_Name,P26_Last_Name,1995-06-15,P26@example.com,1234567896,2025-08-21 07:00,2025-08-21 07:00
P27,P27_First_Name,P27_Last_Name,1986-08-03,P27@example.com,1234567897,2025-08-21 07:00,2025-08-21 07:00
P28,P28_First_Name,P28_Last_Name,1945-03-10,P28@example.com,1234567898,2025-08-21 07:00,2025-08-21 07:00
P29,P29_First_Name,P29_Last_Name,2001-06-15,P29@example.com,1234567899,2025-08-21 07:00,2025-08-21 07:00
P30,P30_First_Name,P30_Last_Name,2003-08-22,P30@example.com,1234567900,2025-08-21 07:00,2025-08-21 07:00
P31,P31_First_Name,P31_Last_Name,2015-03-10,P31@example.com,1234567901,2025-08-21 07:00,2025-08-21 07:00
P32,P32_First_Name,P32_Last_Name,2024-06-15,P32@example.com,1234567902,2025-08-21 07:00,2025-08-21 07:00
P33,P33_First_Name,P33_Last_Name,2023-08-22,P33@example.com,1234567903,2025-08-21 07:00,2025-08-23 07:00